Year,Resource ID
2010-2011,94b499d9-712a-4d2a-b790-7ceec5c9c4b1
2011-2012,382e10d9-1864-40ba-bef6-4eea3c75463c
2012-2013,407c5cd0-f764-4a41-adf8-054ff535049e
2013-2014,bdae89c8-d4ce-40e9-a6e1-a5203953a2e0
2014-2015,c9509ab4-6f6d-4b97-979a-0cf2a10c922b
2015-2016,b7ea6b1b-3ca4-4c5b-9713-6dc1db52379a
2016-2017,30022137-709d-465e-baae-ca155b51927d
2017-2018,2be28d90-3a90-4af1-a3f6-f28c1e25880a
2018-2019,ea2e4696-4a2d-429c-9807-d02eb92e0222
2019-2020,6ff6a6fd-3141-4440-a880-6f60a37fe789
2020-2021,f53ebccd-bc61-49f9-83db-625f209c95f5
2021-2022,81a7b022-f8fc-4da5-80e4-b160058ca207
2022-2023,e6013a93-1321-4f2a-bf91-8d8a02f1e62f
2023-2024,dff4d804-5031-443a-8409-8344efd0e5c8